Direccion;Codigo_Telefonico;Telefono;Correo electrónico;Fecha de alta;ID_CLIENTE;ID_TIPOS
7943 S. Fifth Street;598;451-5865;uraeus@mac.com;2012/01/19;1;3
77 Lyme Street;869;771-1487;bhima@me.com;2005/03/22;2;1
9448 Fairfield St.;246;245-7306;psichel@sbcglobal.net;2007/09/15;3;3
8143 College St.;707;933-2513;tbeck@optonline.net;2011/12/07;4;1
9893 W. Vale Ave.;612;325-0216;eegsa@yahoo.ca;2008/06/28;5;2
8094 Albany Drive;992;564-5230;barlow@verizon.net;2008/04/26;6;2
9001 Creek Street;651;544-1246;wkrebs@me.com;2019/10/08;7;3
57 Green Drive;851;782-6044;dleconte@outlook.com;2009/08/16;8;1
86 Surrey St.;265;609-6654;flakeg@verizon.net;2013/01/05;9;2
8728 Boston Street;305;491-4988;slaff@icloud.com;2007/12/29;10;4
45 Heritage Ave.;561;649-7485;uncle@hotmail.com;2013/08/27;11;1
9334 Hillside Street;966;735-9451;vsprintf@hotmail.com;2012/02/24;12;1
611 Academy Street;711;282-2848;chinthaka@yahoo.ca;2014/12/24;13;2
7201 Mill Street;337;397-0627;ntegrity@optonline.net;2016/10/29;14;3
59 Ridgewood Ave.;969;383-4277;yangyan@yahoo.ca;2007/04/06;15;3
270 West Green Lake St.;748;495-1748;ilyaz@me.com;2019/11/10;16;1
9481 S. Chestnut St.;494;813-5651;njpayne@hotmail.com;2017/01/18;17;1
7 N. Annadale Street;779;217-3175;ralamosm@gmail.com;2010/05/12;18;1
88 Pheasant Rd.;904;204-2255;bartak@sbcglobal.net;2012/02/24;19;2
8 Galvin Street;932;307-3409;improv@me.com;2016/05/16;20;1
9 Marconi Road;993;960-7653;arnold@live.com;2018/02/16;21;1
8842 Old Van Dyke Ave.;611;927-0572;ismail@comcast.net;2019/02/26;22;1
471 S. Cambridge Drive;283;384-7846;wilsonpm@aol.com;2005/02/19;23;3
9 Military Dr.;677;875-1069;barjam@icloud.com;2014/04/02;24;1
8388 Pheasant Street;886;929-9282;michiel@msn.com;2012/09/07;25;2
221 Dogwood Dr.;596;660-5408;gamma@hotmail.com;2010/07/02;26;3
911 Charles St.;768;242-5793;dhrakar@live.com;2019/05/08;27;1
176 Henry Smith Ave.;483;388-3044;themer@icloud.com;2013/11/20;28;1
323 1st St.;525;814-4351;leocharre@me.com;2016/11/13;29;1
8127 Pawnee Lane;872;458-4785;kewley@icloud.com;2013/05/28;30;1
7813 Helen Ave.;600;318-8808;murdocj@mac.com;2006/01/11;31;3
353 Canterbury Dr.;437;406-2974;webinc@msn.com;2017/03/30;32;4
61 Addison Dr.;615;712-3381;mrsam@yahoo.ca;2017/01/19;33;2
810 West Mill St.;651;742-1141;sassen@aol.com;2015/02/07;34;1
51 Mayfair Court;517;690-8580;emmanuel@att.net;2007/01/11;35;4
840 Oak Meadow Ave.;616;766-2111;naoya@mac.com;2006/08/17;36;1
257 Pheasant Drive;685;726-6159;slanglois@hotmail.com;2021/03/23;37;4
30 N. Park Avenue;737;772-3449;improv@comcast.net;2009/09/07;38;3
850 School St.;876;612-6879;noneme@me.com;2011/05/14;39;1
59 Atlantic Ave.;669;791-3350;majordick@yahoo.com;2009/01/05;40;3
74 Broadway;642;368-4225;rgiersig@verizon.net;2010/12/22;41;3
MK9 3EN;953;901-9132;smartfart@aol.com;2020/11/06;42;3
CREWE;869;720-8135;jmgomez@verizon.net;2014/07/14;43;1
674 High Street;319;633-9396;msherr@yahoo.com;2013/01/20;44;3
CT76 6OB;731;945-6687;keutzer@sbcglobal.net;2006/03/30;45;2
DUNDEE;435;742-6743;policies@sbcglobal.net;2017/09/09;46;3
35 The Crescent;684;330-1830;hwestiii@verizon.net;2006/08/04;47;4
SE42 3UM;843;248-6284;hstiles@mac.com;2007/10/04;48;1
DONCASTER;390;565-9213;xnormal@gmail.com;2011/11/27;49;4
94 The Avenue;951;953-8812;jgmyers@icloud.com;2009/06/18;50;2
BN0 6LJ;516;909-2316;oechslin@aol.com;2010/05/09;51;1
STOCKPORT;833;629-5357;juerd@outlook.com;2020/06/28;52;1
96 The Green;260;680-9015;skippy@icloud.com;2016/05/31;53;3
WD65 4RB;724;882-6713;meinkej@hotmail.com;2017/08/30;54;3
WAKEFIELD;663;750-6940;staffelb@aol.com;2020/10/22;55;1
30 Main Road;325;631-2099;heckerman@optonline.net;2009/03/21;56;3
NW96 2RV;594;787-2465;rjones@verizon.net;2014/01/12;57;1
SHREWSBURY;720;491-3517;parrt@verizon.net;2014/10/12;58;2
26 North Road;735;587-8913;hampton@icloud.com;2018/12/27;59;4
EC18 9MF;295;530-5752;claypool@comcast.net;2008/03/21;60;4
LLANDRINDOD WELLS;306;906-7975;wsnyder@live.com;2018/03/11;61;1
70 Green Lane;452;597-0784;magusnet@aol.com;2014/04/30;62;1
KA97 3AD;363;441-6561;danneng@optonline.net;2010/10/11;63;3
ROCHESTER;550;890-6346;smallpaul@aol.com;2006/10/03;64;1
5 Kingsway;906;421-7305;staikos@optonline.net;2015/04/26;65;3
WA48 9PQ;977;707-4772;bryam@outlook.com;2009/02/21;66;3
BIRMINGHAM;871;218-8630;ccohen@optonline.net;2017/07/15;67;4
3 Church Street;522;326-9656;geoffr@aol.com;2006/10/28;68;2
CA46 0YA;924;599-2856;kludge@comcast.net;2006/02/12;69;1
REDHILL;998;710-2563;frikazoyd@att.net;2014/05/18;70;1
2 Manchester Road;319;810-1693;singer@comcast.net;2007/12/26;71;3
SA65 3HD;794;504-1808;rogerspl@aol.com;2005/07/02;72;2
DUDLEY;493;999-4390;danzigism@yahoo.ca;2012/09/23;73;2
9112 St. John’s Road;804;655-0207;empathy@att.net;2015/09/21;74;2
WS53 7IY;554;800-9842;jrifkin@mac.com;2015/08/18;75;1
SOUTH WEST LONDON;548;446-1387;sagal@icloud.com;2008/04/23;76;3
76 South Street;517;369-6486;durist@sbcglobal.net;2019/05/03;77;4
NR38 3VK;893;798-8990;msloan@msn.com;2011/01/06;78;3
SHEFFIELD;504;719-6268;ilikered@mac.com;2020/12/20;79;2
92 Park Avenue;295;508-7243;tlinden@live.com;2009/01/04;80;1
WV82 8AJ;940;762-9096;citizenl@yahoo.ca;2014/01/04;81;1
COVENTRY;370;597-5412;pajas@yahoo.com;2013/05/09;82;2
58 Highfield Road;996;458-0103;british@me.com;2010/03/14;83;2
BB91 5XM;223;934-8344;chaffar@aol.com;2012/01/25;84;3
OUTER HEBRIDES;611;728-9360;parkes@hotmail.com;2017/07/22;85;1
82 Windsor Road;446;436-2416;sjava@yahoo.ca;2014/07/31;86;1
PH82 4OY;205;877-2303;jipsen@outlook.com;2016/09/17;87;1
WESTERN CENTRAL LONDON;442;997-2681;lahvak@optonline.net;2010/05/10;88;4
10 Kings Road;200;695-5178;mlewan@yahoo.com;2016/09/11;89;2
WR45 4AU;892;339-6497;zwood@verizon.net;2010/11/08;90;1
MANCHESTER;719;593-5606;kassiesa@hotmail.com;2015/12/05;91;3
472 Mill Lane;719;881-4363;rnewman@hotmail.com;2005/03/06;92;1
RG6 1SR;346;442-6581;jaxweb@gmail.com;2006/11/18;93;2
TORQUAY;690;340-6090;eidac@aol.com;2016/01/24;94;1
80 Chester Road;722;742-7576;lishoy@gmail.com;2005/06/24;95;1
HA62 8DU;449;524-6231;delpino@aol.com;2009/08/23;96;2
PAISLEY;703;723-3874;catalog@att.net;2016/01/01;97;2
304 Springfield Road;435;239-5138;hoyer@hotmail.com;2021/03/03;98;3
BD84 2HP;580;240-1515;esokullu@live.com;2009/01/02;99;1
CHESTER;650;385-0635;heidrich@hotmail.com;2007/09/08;100;3
28 London Road;243;906-5992;kohlis@live.com;2015/06/23;101;2
HU74 4ER;209;297-3958;corrada@att.net;2011/08/19;102;3
GUILDFORD;966;338-9815;chaffar@sbcglobal.net;2013/09/18;103;4
597 New Street;638;925-5729;josem@hotmail.com;2012/02/08;104;1
DH29 2KQ;681;914-0083;jsmith@mac.com;2013/07/17;105;2
DUMFRIES;354;628-2294;hmbrand@hotmail.com;2015/02/27;106;3
41 Victoria Street;888;289-8104;corrada@gmail.com;2013/10/18;107;2
LE96 5AZ;393;626-4948;bryam@icloud.com;2011/03/23;108;1
CHELMSFORD;887;262-0302;gmcgath@hotmail.com;2019/07/05;109;1
48 Manor Road;462;566-8729;fukuchi@yahoo.com;2020/02/28;110;3
L52 8LM;661;929-3370;jshearer@mac.com;2018/12/07;111;1
SUNDERLAND;859;862-4703;phish@live.com;2014/07/12;112;3
33 York Road;415;981-0636;manuals@aol.com;2011/06/22;113;2
HD3 3KR;563;420-8118;meder@outlook.com;2008/04/21;114;1
YORK;462;763-2017;gomor@icloud.com;2013/08/17;115;1
24 Rock Maple Lane;701;212-8508;hauma@gmail.com;2009/06/20;116;3
376 South Griffin Street;714;278-0966;godeke@yahoo.ca;2020/04/11;117;1
7172 Halifax St.;523;677-7026;jdhedden@mac.com;2020/11/20;118;3
9530 Homewood St.;615;522-3616;tbeck@gmail.com;2011/04/10;119;4
3 Sunset Street;497;402-3196;bryanw@outlook.com;2012/03/01;120;3
611 Linda Rd.;624;360-5381;draper@me.com;2020/08/16;121;2
7088 South Woodland St.;417;559-0451;anicolao@optonline.net;2012/01/08;122;3
78 Hamilton St.;650;230-0049;mxiao@comcast.net;2005/11/29;123;2
7576 S. Prince Ave.;863;238-8964;mleary@yahoo.ca;2008/03/30;124;3
8678 Glen Eagles Rd.;340;944-7011;louise@comcast.net;2015/12/14;125;4
7487 College Rd.;388;447-0349;solomon@gmail.com;2011/10/10;126;1
8 Westminster Ave.;562;364-8454;dgatwood@live.com;2011/11/18;127;1
92 Brickell Drive;332;349-8146;augusto@outlook.com;2007/06/26;128;3
503 Delaware Street;286;718-4373;rafasgj@msn.com;2020/11/11;129;4
34 Anderson Ave.;397;693-0198;solomon@yahoo.ca;2009/01/24;130;1
8388 Water St.;874;698-3563;kildjean@aol.com;2013/12/18;131;4
373 Brickyard Avenue;633;872-7554;andersbr@att.net;2018/06/05;132;1
834 Yukon Lane;799;691-3758;moonlapse@sbcglobal.net;2010/08/30;133;1
8324 South St.;625;240-8609;schwaang@mac.com;2007/09/22;134;1
8 White Ave.;677;815-4415;geekoid@yahoo.ca;2009/11/13;135;4
907 Inverness Dr.;368;227-4620;plover@aol.com;2011/06/11;136;4
12 Cypress Avenue;930;420-2085;jhardin@hotmail.com;2007/08/05;137;2
7313 Bohemia Street;883;797-3367;jdray@hotmail.com;2012/10/11;138;2
8518 Hilldale Lane;616;916-4936;euice@outlook.com;2019/04/29;139;2
190 Sierra St.;406;344-3322;camenisch@yahoo.ca;2008/07/04;140;1
95 Studebaker Street;323;771-5959;lamky@hotmail.com;2019/05/19;141;1
1 Highland Ave.;898;732-6602;alastair@att.net;2015/12/03;142;2
5 West Henry Smith Street;551;404-1539;british@comcast.net;2014/07/06;143;4
940 E. Primrose Ave.;488;349-4237;rddesign@icloud.com;2013/09/19;144;1
8304 Van Dyke Avenue;296;444-2189;heckerman@me.com;2005/02/18;145;4
86 Bradford Rd.;988;961-4637;rasca@verizon.net;2006/06/18;146;1
3 Jefferson Dr.;486;549-5020;willg@sbcglobal.net;2020/05/30;147;1
79 Rocky River Ave.;868;892-8961;bryam@verizon.net;2012/04/28;148;3
38 Johnson St.;473;875-0023;padme@hotmail.com;2019/12/20;149;2
7652 West Wakehurst Drive;700;958-6128;damian@hotmail.com;2013/02/26;150;2
7075 Lake Forest Rd.;696;679-7702;tangsh@me.com;2020/12/28;151;2
619 Pleasant St.;250;248-4300;yamla@outlook.com;2011/08/04;152;1
8026 New Saddle St.;834;508-9490;rbarreira@optonline.net;2010/02/08;153;1
275 Rock Maple Avenue;503;283-5457;jrifkin@verizon.net;2005/03/07;154;3
404 Railroad St.;461;976-3596;dmouse@sbcglobal.net;2013/03/10;155;3
441 Court Dr.;398;272-4739;tubajon@comcast.net;2006/02/07;156;1
9 South Theatre Ave.;279;586-2100;tjensen@att.net;2011/09/08;157;4
674 Van Dyke Drive;988;433-7129;tristan@live.com;2011/05/20;158;3
234 W. Riverside St.;357;352-8928;crandall@sbcglobal.net;2008/12/14;159;3
916 E. Cactus Ave.;240;852-8613;bester@outlook.com;2017/04/10;160;3
218 Lake St.;403;855-3645;world@yahoo.ca;2019/01/03;161;1
861 Oakland St.;593;356-1838;staikos@sbcglobal.net;2018/12/24;162;3
8356 Bank Ave.;433;213-5953;kludge@comcast.net;2015/08/02;163;2
9754 Brookside Street;669;290-1610;paulv@sbcglobal.net;2017/03/30;164;2
8718 Chapel Drive;472;605-7532;jgmyers@sbcglobal.net;2018/06/07;165;4
9029 Bellevue Drive;287;839-5879;josephw@hotmail.com;2014/01/22;166;4
277 Halifax Dr.;622;903-6022;sopwith@att.net;2007/07/14;167;1
7889 Chapel Street;797;421-8320;sharon@att.net;2010/03/28;168;4
487 East 6th St.;478;658-1534;ntegrity@msn.com;2007/08/09;169;1
51 Coffee St.;671;615-3675;dgriffith@aol.com;2012/05/19;170;1
9586 Sycamore Dr.;713;795-1422;qrczak@verizon.net;2010/08/18;171;4
801 SW. Prairie St.;201;705-6808;bruck@live.com;2012/08/20;172;1
830 High Point Court;322;327-1204;camenisch@yahoo.ca;2008/12/27;173;1
791 Silver Spear Street;644;469-5761;mjewell@comcast.net;2019/11/14;174;1
8882 Old Smith Ave.;674;440-0703;daveed@optonline.net;2020/04/23;175;3
970 Myers Street;640;568-2625;quantaman@hotmail.com;2011/10/16;176;4
948 Railroad Avenue;409;889-4836;szymansk@gmail.com;2017/09/30;177;3
San Diego, CA 92114;359;210-8594;jemarch@yahoo.ca;2014/10/24;178;1
Pico Rivera, CA 90660;474;494-9364;rhialto@msn.com;2016/07/12;179;1
Los Angeles, CA 90001;681;820-0747;flakeg@comcast.net;2010/11/01;180;4
Modesto, CA 95350;921;657-7404;rnewman@optonline.net;2005/09/15;181;3
Simi Valley, CA 93065;451;889-2527;jshearer@yahoo.ca;2011/10/09;182;1
Los Angeles, CA 90004;487;654-5535;tubesteak@msn.com;2005/07/27;183;1
Folsom, CA 95630;243;692-9341;jsnover@gmail.com;2010/07/15;184;3
Tulare, CA 93274;726;607-0923;chrwin@live.com;2007/08/18;185;1
San Francisco, CA 94109;861;258-0892;jadavis@msn.com;2016/07/22;186;3
Tracy, CA 95376;514;904-4726;stevelim@gmail.com;2005/09/12;187;1
Los Angeles, CA 90066;829;721-4200;zavadsky@verizon.net;2013/08/21;188;1
Riverside, CA 92509;983;385-7043;mobileip@comcast.net;2006/11/30;189;2
Los Angeles, CA 90026;223;360-1632;lauronen@icloud.com;2013/02/13;190;2
Fairfield, CA 94533;412;836-0738;matty@att.net;2019/01/20;191;1
Sylmar, CA 91342;238;664-3657;simone@mac.com;2014/07/21;192;1
Daly City, CA 94015;759;680-2696;claesjac@verizon.net;2007/05/02;193;3
Van Nuys, CA 91405;395;780-5461;goldberg@yahoo.com;2007/04/08;194;2
Victorville, CA 92392;372;818-3567;lahvak@aol.com;2006/02/03;195;1
San Pedro, CA 90731;935;960-4873;jipsen@sbcglobal.net;2005/04/26;196;4
San Diego, CA 92115;971;288-1186;elmer@mac.com;2016/06/23;197;2
Rancho Cucamonga, CA 91730;994;447-4889;sisyphus@icloud.com;2016/03/04;198;1
Union City, CA 94587;232;476-5035;stefano@verizon.net;2007/05/20;199;4
Montebello, CA 90640;288;574-6749;muzzy@aol.com;2016/05/26;200;1
San Francisco, CA 94122;969;763-9226;bmidd@att.net;2014/07/24;201;4
Costa Mesa, CA 92627;732;708-8561;dhrakar@outlook.com;2011/12/05;202;2
Long Beach, CA 90813;314;254-1244;openldap@mac.com;2013/07/24;203;4
Anaheim, CA 92801;460;682-5923;dmath@live.com;2019/08/29;204;1
Alameda, CA 94501;200;565-5639;dobey@msn.com;2018/01/22;205;4
Oakland, CA 94601;357;769-3070;rbarreira@icloud.com;2019/05/21;206;1
Long Beach, CA 90805;587;626-3175;gilmoure@live.com;2019/06/21;207;1
Merced, CA 95340;465;293-1802;grady@verizon.net;2012/03/25;208;2
Huntington Park, CA 90255;709;815-7677;sekiya@gmail.com;2006/03/05;209;1
San Jose, CA 95111;605;810-1781;dogdude@yahoo.com;2007/06/30;210;1
Santa Ana, CA 92704;256;681-2246;sfoskett@att.net;2017/07/18;211;1
Spring Valley, CA 91977;304;471-5232;hampton@icloud.com;2007/08/26;212;3
Salinas, CA 93905;411;283-4519;singer@mac.com;2016/08/14;213;1
La Habra, CA 90631;442;496-8157;pereinar@mac.com;2020/01/12;214;3
Fontana, CA 92336;205;909-7964;jfreedma@comcast.net;2006/05/14;215;1
Georgetown, ON L7G 9Y7;730;534-7609;hampton@outlook.com;2010/08/02;216;2
Donnacona, QC G3M 1C3;770;286-4391;attwood@yahoo.com;2013/04/28;217;1
Manotick, ON K4M 6S8;732;906-0070;howler@mac.com;2019/11/29;218;4
Essex, ON N0R 2G6;943;428-2313;quantaman@icloud.com;2017/12/06;219;2
Lockport, MB R1B 5H9;785;951-2152;tellis@gmail.com;2005/05/01;220;1
Bonnyville, AB T9N 2P9;406;847-9870;jguyer@verizon.net;2006/08/20;221;1
Petit-Rocher, NB E8J 4K5;965;911-5076;adhere@icloud.com;2006/10/15;222;4
Farnham, QC J2N 4J1;599;327-2008;jaarnial@verizon.net;2012/08/01;223;4
Winnipeg, MB R2C 4A3;656;470-6146;plover@live.com;2018/12/06;224;1
Saint-Raymond, QC G3L 7P7;327;329-5055;wortmanj@verizon.net;2014/01/04;225;1
St. George, NB E5C 6A9;208;903-9126;violinhi@aol.com;2012/12/16;226;2
Port Moody, BC V3H 3N3;440;419-1193;uncle@sbcglobal.net;2010/04/03;227;1
Delhi, ON N4B 2V1;357;843-1297;krueger@icloud.com;2007/07/23;228;4
Oromocto, NB E2V 6A5;726;820-4884;daveewart@optonline.net;2015/09/02;229;1
Belledune, NB E8G 4R8;741;507-6188;firstpr@aol.com;2017/05/16;230;1
Bouctouche, NB E4S 8M3;847;529-3256;trieuvan@sbcglobal.net;2008/09/20;231;1
Caledon, ON L7C 9T6;622;751-8803;tbusch@gmail.com;2006/07/28;232;3
Buena Vista, SK S2V 1L1;681;720-0173;yfreund@me.com;2013/07/31;233;1
Digby Neck, NS B0V 8H6;947;794-9523;jfmulder@mac.com;2017/06/27;234;2
Outaouais-Sud, QC J0X 9K0;697;343-2772;parrt@mac.com;2014/08/25;235;4
Wetaskiwin, AB T9A 7X8;864;686-9890;wiseb@aol.com;2012/11/09;236;1
Steinbach, MB R5G 1B0;259;588-3616;barnett@outlook.com;2013/08/30;237;4
La Sarre, QC J9Z 2V9;711;535-5569;barlow@yahoo.com;2008/02/13;238;1
Apohaqui, NB E5P 9G5;390;414-6347;telbij@hotmail.com;2010/10/22;239;1
Lloydminster, SK S9V 5V1;622;524-5931;dalamb@msn.com;2016/09/17;240;1
Highlands, BC V9B 9L3;832;663-7857;psichel@live.com;2005/09/11;241;3
Saint-Hippolyte, QC J8A 8X2;774;962-9792;cameron@mac.com;2005/11/01;242;3
Chestermere, AB T1X 8K6;456;478-8124;klaudon@icloud.com;2013/10/18;243;2
Leduc, AB T9E 6E1;689;369-1765;gavinls@msn.com;2008/11/29;244;2
Vancouver, BC V5K 7G2;462;469-0733;arathi@comcast.net;2008/03/11;245;1
Esquimalt, BC V9A 7T3;296;380-9560;parkes@icloud.com;2018/06/09;246;1
Coldbrook, NS B4R 8S2;770;446-1820;cyrus@aol.com;2019/07/16;247;3
Windsor, ON N8P 8C9;752;764-6341;isotopian@hotmail.com;2019/08/11;248;1
Kanata, ON K2K 4A8;420;583-7227;marnanel@icloud.com;2013/07/05;249;1
McAdam, NB E6J 7T4;844;867-2783;nwiger@verizon.net;2016/01/04;250;1
Hanover, ON N4N 0G1;844;548-7367;elmer@comcast.net;2019/12/17;251;1
Ottawa, ON K1G 0J7;653;247-2528;natepuri@gmail.com;2013/08/04;252;3
Mississauga, ON L4T 3V7;323;918-8630;tmaek@gmail.com;2009/11/21;253;1
Wallaceburg, ON N8A 3M8;951;814-0240;manuals@yahoo.ca;2007/07/20;254;3
Windsor, LB A2B 0T8;286;747-9510;neonatus@live.com;2015/05/29;255;2
Cowansville, QC J2K 8Y0;780;915-5789;crusader@verizon.net;2007/09/20;256;2
Duvernay-Est, QC H7A 4A9;611;316-6464;dogdude@mac.com;2012/02/22;257;3
Pitt Meadows, BC V3Y 0T2;347;423-7150;mastinfo@outlook.com;2010/11/01;258;1
Amqui, QC G5J 8E3;690;391-9308;munge@verizon.net;2020/03/26;259;3
Enfield, NS B2T 5S6;300;748-5245;milton@att.net;2015/12/31;260;4
St. Martins, NB E5R 1J6;399;450-6042;redingtn@hotmail.com;2006/07/18;261;1
Stouffville, ON L4A 6L1;941;250-4612;fviegas@sbcglobal.net;2008/07/26;262;4
Kings County, NS B0P 9R3;979;636-7422;rgarcia@live.com;2008/08/18;263;1
Fort Saskatchewan, AB T8L 4M9;838;478-1283;ovprit@msn.com;2017/04/07;264;3
Laurentides-Sud, QC J0V 3M7;709;730-9311;teverett@att.net;2013/04/14;265;1
Black Lake, QC G6H 5M3;773;468-1836;ghost@yahoo.ca;2006/09/18;266;1
Charny, QC G6X 9G6;629;776-7927;intlprog@verizon.net;2005/07/27;267;1
Okotoks, AB T1S 0P8;374;637-9848;frosal@msn.com;2018/07/11;268;4
Boiestown, NB E6A 0J5;614;742-3346;sabren@comcast.net;2007/10/22;269;1
Port Alberni, BC V9Y 6C7;591;540-1501;hermes@outlook.com;2009/09/13;270;2
Cochrane, AB T4C 6R2;674;692-6307;shrapnull@live.com;2021/03/01;271;4
Hampton, NB E5N 2B1;613;385-7225;jimmichie@optonline.net;2006/04/26;272;1
Grand Manan Island, NB E5G 6V4;911;247-1909;bjornk@aol.com;2014/10/15;273;4
Petawawa, ON K8H 6P6;428;712-4844;ghost@sbcglobal.net;2015/10/18;274;1
Cap-Rouge, QC G1Y 7T2;911;550-2155;curly@icloud.com;2009/01/28;275;3
Prince Rupert, BC V8J 9N3;593;925-4662;jacks@outlook.com;2021/04/29;276;3
Acton, ON L7J 3T8;538;584-5847;mbswan@optonline.net;2015/04/26;277;2
Lac-Megantic, QC G6B 4L9;336;788-8866;jelmer@gmail.com;2014/04/30;278;3
Innisfail, AB T4G 7N5;878;213-7548;podmaster@yahoo.com;2013/09/30;279;1
Le Fjord, QC G0T 3E3;544;332-6097;malin@verizon.net;2019/07/28;280;4
Grande-Anse, NB E8N 7C1;992;343-2800;dsugal@hotmail.com;2019/02/28;281;1
Kimberley, BC V1A 5S2;272;202-0144;ninenine@icloud.com;2016/06/14;282;1
St. Albert, AB T8N 8R8;738;345-5103;damian@icloud.com;2011/12/08;283;4
Bass River, NB E4T 4R0;713;922-0553;phish@hotmail.com;2017/09/17;284;1
Parksville, BC V9P 5L2;682;502-1976;rnelson@gmail.com;2014/04/20;285;1
La Plaine, QC J7M 5N3;260;372-4164;slaff@aol.com;2013/02/18;286;2
Leamington, ON N8H 0N3;502;779-9801;ninenine@live.com;2005/06/12;287;1
Strathmore, AB T1P 9V5;687;734-3575;johnh@yahoo.ca;2018/12/30;288;4
Youngs Cove, NB E4C 4K5;503;471-0311;ryanshaw@comcast.net;2017/11/01;289;2
Chatham, QC J8G 7X7;640;467-1066;gerlo@yahoo.ca;2013/06/23;290;2
Eskasoni, NS B1W 1S9;350;900-0774;noneme@me.com;2006/11/28;291;3
Parry Sound, ON P2A 5R6;593;907-1562;squirrel@comcast.net;2017/06/16;292;1
Lanaudière-Nord, QC J0K 8T8;848;559-5729;sakusha@yahoo.com;2019/03/07;293;4
Saint-Colomban, QC J5K 6C2;986;369-4687;seano@sbcglobal.net;2011/08/09;294;1
Huntsville, ON P1H 2C9;815;645-0166;bmidd@msn.com;2009/12/12;295;1
Lachute, QC J8H 9V1;456;670-3912;oracle@verizon.net;2012/05/18;296;3
St. Stephen, NB E3L 2A8;997;481-7573;jrifkin@yahoo.com;2020/12/14;297;2
Îles-Laval, QC H7Y 1X2;571;271-7420;sherzodr@att.net;2017/08/05;298;1
Grand Falls, LB A2A 2C6;674;672-8423;rsmartin@msn.com;2007/01/26;299;4
Ville Émard, QC H4E 1K4;505;554-8992;jsbach@aol.com;2006/09/08;300;3
Napanee, ON K7R 6V1;826;231-0876;wmszeliga@mac.com;2006/08/02;301;1
Woodstock, NB E7M 8P6;499;874-0371;william@hotmail.com;2016/04/07;302;2
Dorchester, NB E4K 6V5;317;232-9358;gastown@comcast.net;2011/09/18;303;1
Greely, ON K4P 4T2;852;388-3751;improv@live.com;2020/04/20;304;3
Boucherville, QC J4B 9T3;366;604-3609;gfxguy@outlook.com;2009/08/11;305;3
Lacombe, AB T4L 0S1;800;687-3027;marcs@outlook.com;2017/10/11;306;3
Labrador City, LB A2V 8L0;924;920-0218;skippy@yahoo.ca;2010/11/02;307;4
Grimsby, ON L3M 5X9;733;648-0855;jyoliver@sbcglobal.net;2019/05/12;308;4
Cobourg, ON K9A 5G0;496;879-5338;afifi@hotmail.com;2013/12/30;309;2
Chelsea, QC J9B 5K1;363;981-6810;muadip@gmail.com;2018/09/06;310;2
Qualicum Beach, BC V9K 4J5;643;252-3203;hyper@icloud.com;2010/06/27;311;2
Dunnville, ON N1A 2R5;491;779-1547;spadkins@att.net;2011/09/19;312;2
Vimont, QC H7M 0J1;731;808-7183;oneiros@icloud.com;2019/08/19;313;4
Port Perry, ON L9L 6K8;879;310-9113;miltchev@gmail.com;2007/06/12;314;1
Saint Petersburg, FL 33710;944;942-5965;uqmcolyv@att.net;2005/04/21;315;3
Miami, FL 33135;257;383-2777;william@comcast.net;2014/06/12;316;1
New Port Richey, FL 34653;286;539-1526;lipeng@comcast.net;2017/07/20;317;4
Fort Lauderdale, FL 33312;408;475-2351;sbmrjbr@msn.com;2014/04/01;318;1
Tampa, FL 33614;654;850-5430;ryanvm@sbcglobal.net;2009/06/16;319;1
Jacksonville, FL 32205;704;732-6961;mbswan@msn.com;2018/12/17;320;1
Miami, FL 33161;400;235-6788;dbanarse@yahoo.ca;2008/07/28;321;2
Bradenton, FL 34205;363;851-7332;frikazoyd@me.com;2018/02/28;322;2
Fort Myers, FL 33912;892;211-3578;mosses@gmail.com;2015/02/18;323;1
Tampa, FL 33624;231;936-5897;parasite@optonline.net;2021/03/16;324;4
Opa Locka, FL 33055;609;914-4233;samavati@me.com;2021/03/27;325;1
Winter Haven, FL 33880;776;448-2874;rfoley@mac.com;2013/04/24;326;4
Lake Worth, FL 33460;487;768-3548;yfreund@verizon.net;2005/05/05;327;1
Lake Wales, FL 33853;601;357-6775;fglock@gmail.com;2019/03/26;328;4
Fort Lauderdale, FL 33309;296;236-1828;bebing@hotmail.com;2010/05/20;329;4
Fort Lauderdale, FL 33322;691;320-1793;cumarana@live.com;2019/09/10;330;1
Fort Lauderdale, FL 33319;919;955-4757;smpeters@mac.com;2016/08/03;331;3
Boca Raton, FL 33428;895;527-9965;madler@gmail.com;2014/06/02;332;1
Hallandale, FL 33009;779;490-1731;mgemmons@yahoo.ca;2018/08/14;333;2
Pensacola, FL 32526;317;905-9963;lstein@msn.com;2009/07/17;334;2
Hollywood, FL 33029;636;558-0180;skythe@optonline.net;2009/09/10;335;2
Miami, FL 33179;985;919-4960;alias@comcast.net;2019/05/29;336;1
Miami, FL 33183;558;212-5147;dburrows@comcast.net;2011/10/19;337;3
Pompano Beach, FL 33063;792;524-2198;eegsa@sbcglobal.net;2016/02/21;338;1
Lakeland, FL 33801;267;864-5928;gfxguy@hotmail.com;2011/12/05;339;1
Hialeah, FL 33013;496;239-3951;gumpish@optonline.net;2012/10/26;340;4
West Palm Beach, FL 33411;252;667-8366;rhialto@yahoo.com;2020/08/31;341;2
Jacksonville, FL 32208;609;330-8191;phyruxus@mac.com;2014/06/13;342;2
Orlando, FL 32812;439;401-6738;jshearer@yahoo.com;2013/01/27;343;3
West Palm Beach, FL 33415;946;600-8214;fwiles@live.com;2009/07/30;344;2
Orlando, FL 32810;384;619-1581;kayvonf@sbcglobal.net;2014/12/18;345;3
Pompano Beach, FL 33064;675;655-1424;pappp@icloud.com;2007/01/23;346;1
Key West, FL 33040;842;708-2942;timlinux@icloud.com;2014/12/02;347;3
Panama City, FL 32404;656;301-2331;feamster@mac.com;2017/01/18;348;1
Hollywood, FL 33025;728;554-8409;dexter@yahoo.ca;2012/11/24;349;1
Winter Springs, FL 32708;557;382-0708;symbolic@optonline.net;2005/09/10;350;3
Miami, FL 33162;395;354-7424;intlprog@live.com;2005/09/18;351;2
Miami, FL 33175;752;229-5173;msloan@live.com;2011/11/20;352;1
Port Orange, FL 32127;653;317-7538;wbarker@aol.com;2015/07/17;353;2
Tampa, FL 33617;720;816-6636;niknejad@msn.com;2017/10/24;354;2
Fort Lauderdale, FL 33321;392;567-1811;koudas@icloud.com;2014/11/18;355;4
Hollywood, FL 33021;233;981-3075;cantu@outlook.com;2013/04/13;356;1
Dunedin, FL 34698;469;699-2655;nighthawk@hotmail.com;2011/01/15;357;1
West Palm Beach, FL 33414;311;568-5798;peterhoeg@yahoo.com;2006/01/14;358;3
Lake Worth, FL 33467;930;839-6069;jonadab@outlook.com;2014/10/31;359;1
Miami, FL 33196;595;770-6147;gamma@sbcglobal.net;2011/03/02;360;1
Orlando, FL 32818;796;698-2556;wbarker@sbcglobal.net;2019/01/22;361;4
Orlando, FL 32839;518;447-3410;conteb@mac.com;2021/03/02;362;3
Brandon, FL 33511;963;286-3940;mugwump@verizon.net;2019/11/03;363;4
Valrico, FL 33594;989;381-2553;andrei@outlook.com;2008/08/10;364;1
Melbourne, FL 32935;760;748-7416;roamer@sbcglobal.net;2010/04/07;365;3
Jacksonville, FL 32209;382;950-9603;malattia@msn.com;2021/01/28;366;2
Fort Lauderdale, FL 33334;256;505-6404;aschmitz@sbcglobal.net;2006/09/15;367;1
Jupiter, FL 33458;262;756-8019;ovprit@aol.com;2010/09/07;368;2
Deltona, FL 32738;437;405-6290;jaarnial@att.net;2017/09/18;369;3
Boynton Beach, FL 33435;582;368-1385;murty@icloud.com;2014/03/03;370;2
Fort Lauderdale, FL 33351;659;871-3879;loscar@sbcglobal.net;2016/07/02;371;3
Palm Harbor, FL 34683;353;426-1757;telbij@verizon.net;2014/06/15;372;2
Homestead, FL 33033;856;331-2705;fmtbebuck@live.com;2013/07/28;373;1
Orlando, FL 32837;700;644-2712;evilopie@att.net;2020/07/12;374;2
Boca Raton, FL 33433;294;342-2123;aibrahim@icloud.com;2007/10/21;375;4
Tampa, FL 33612;232;232-3544;uqmcolyv@aol.com;2016/04/21;376;1
Miami, FL 33134;368;282-4245;hermes@aol.com;2006/05/22;377;4
Daytona Beach, FL 32119;606;269-6077;krueger@msn.com;2010/07/16;378;1
Jacksonville, FL 32257;975;455-9019;danneng@att.net;2007/09/04;379;1
Miami, FL 33165;473;353-4079;pgolle@yahoo.com;2005/03/15;380;3
Miami, FL 33177;845;455-2297;scitext@comcast.net;2007/12/04;381;2
Gainesville, FL 32608;811;819-5474;goresky@gmail.com;2010/10/15;382;1
Port Saint Lucie, FL 34952;923;852-7654;shawnce@optonline.net;2014/10/03;383;1
Tallahassee, FL 32303;559;237-1566;ubergeeb@live.com;2012/12/25;384;1
Tallahassee, FL 32304;930;751-5153;redingtn@yahoo.ca;2008/08/06;385;3
Casselberry, FL 32707;423;496-3540;nimaclea@live.com;2005/05/04;386;1
Miami, FL 33176;566;531-0451;iapetus@aol.com;2014/06/29;387;2
Lake Worth, FL 33463;923;361-1596;skythe@outlook.com;2008/03/01;388;4
Hollywood, FL 33024;479;389-7125;anicolao@aol.com;2009/05/10;389;3
Hialeah, FL 33018;522;838-0614;hahsler@yahoo.ca;2010/09/09;390;1
Miami, FL 33173;463;645-5648;tokuhirom@comcast.net;2007/06/13;391;4
Miami, FL 33193;968;499-4402;mhoffman@live.com;2008/10/15;392;3
Tampa, FL 33615;263;379-6789;mahbub@verizon.net;2011/05/23;393;1
Jacksonville, FL 32225;316;405-3234;janneh@gmail.com;2013/01/10;394;2
Miami, FL 33186;443;667-4609;jonathan@yahoo.com;2020/11/30;395;4
Pensacola, FL 32503;851;269-0491;zeitlin@aol.com;2008/01/27;396;1
Lakeland, FL 33813;727;313-4625;telbij@yahoo.com;2007/05/14;397;1
Sarasota, FL 34231;900;258-6110;cparis@me.com;2015/02/02;398;1
Boynton Beach, FL 33436;984;388-6360;dburrows@gmail.com;2018/09/28;399;1
Pompano Beach, FL 33068;994;832-9514;budinger@gmail.com;2007/06/17;400;2
Orlando, FL 32808;470;309-6205;mnemonic@comcast.net;2012/08/31;401;3
Oviedo, FL 32765;510;332-3248;techie@yahoo.ca;2013/09/15;402;1
Orlando, FL 32811;608;742-9416;timlinux@att.net;2019/10/16;403;2
Cape Coral, FL 33904;382;786-4916;dgriffith@gmail.com;2019/11/14;404;2
Middleburg, FL 32068;688;304-8571;credmond@me.com;2015/08/31;405;3
Jacksonville, FL 32244;639;405-1427;vsprintf@live.com;2016/05/23;406;4
Ormond Beach, FL 32174;648;441-1338;tubajon@yahoo.ca;2009/10/17;407;1
Hialeah, FL 33010;558;935-7698;overbom@aol.com;2018/08/19;408;4
Miami, FL 33157;398;257-6801;iamcal@me.com;2005/07/09;409;1
Altamonte Springs, FL 32714;226;474-1021;gboss@icloud.com;2012/03/16;410;4
Orlando, FL 32825;696;224-8334;adamk@icloud.com;2006/01/25;411;2
Fort Lauderdale, FL 33317;861;766-3153;formis@yahoo.com;2018/01/06;412;1
Tampa, FL 33610;283;579-9362;ngedmond@msn.com;2021/04/22;413;2
Miami, FL 33155;970;553-9470;amaranth@icloud.com;2016/04/16;414;2
Deltona, FL 32725;251;956-4735;chaki@verizon.net;2006/10/16;415;1
Palm Bay, FL 32907;461;415-6750;barlow@mac.com;2012/05/23;416;1
Tampa, FL 33604;942;377-8831;barjam@mac.com;2014/11/18;417;1
Jacksonville, FL 32224;209;879-7336;parents@outlook.com;2014/08/13;418;1
Saint Petersburg, FL 33713;786;225-1408;dodong@comcast.net;2018/01/04;419;4
Fort Lauderdale, FL 33313;706;852-2679;chrisj@gmail.com;2011/05/14;420;3
Venice, FL 34293;332;433-7473;overbom@aol.com;2005/06/22;421;1
Orlando, FL 32835;788;716-6288;eminence@optonline.net;2011/01/24;422;2
Jacksonville, FL 32246;969;824-6307;jonathan@att.net;2007/11/29;423;1
Hollywood, FL 33023;578;987-8609;teverett@yahoo.ca;2005/06/09;424;4
Jacksonville, FL 32211;864;796-2642;library@me.com;2019/09/19;425;2
Opa Locka, FL 33056;360;395-0174;chronos@msn.com;2018/02/13;426;2
Miami Beach, FL 33141;473;259-7625;dvdotnet@aol.com;2018/12/07;427;2
Pompano Beach, FL 33065;585;896-7221;jguyer@yahoo.com;2014/07/09;428;3
Miami, FL 33125;516;505-2111;symbolic@live.com;2015/01/02;429;2
Miami, FL 33172;948;883-9967;cyrus@outlook.com;2011/10/06;430;1
Tallahassee, FL 32308;719;644-3160;russotto@att.net;2014/10/17;431;1
Sarasota, FL 34232;600;967-9596;fmtbebuck@outlook.com;2009/03/29;432;1
Miami, FL 33126;997;396-1254;ovprit@live.com;2008/06/02;433;1
Arcadia, FL 34266;289;891-8370;jimxugle@gmail.com;2018/08/14;434;4
Daytona Beach, FL 32114;454;330-7142;pthomsen@icloud.com;2013/11/23;435;3
Miami, FL 33142;843;779-5683;csilvers@sbcglobal.net;2005/11/23;436;2
Riverview, FL 33569;424;719-6724;fangorn@optonline.net;2010/02/08;437;3
Leesburg, FL 34748;849;292-8635;cliffordj@msn.com;2010/11/11;438;3
Hialeah, FL 33015;477;421-7045;fukuchi@verizon.net;2014/07/19;439;3
Hialeah, FL 33014;401;825-3736;kourai@optonline.net;2013/10/12;440;4
Fort Lauderdale, FL 33311;305;393-0553;psichel@me.com;2010/05/07;441;1
Pensacola, FL 32514;640;477-1369;chronos@comcast.net;2007/09/21;442;1
Hialeah, FL 33012;225;944-9455;ccohen@hotmail.com;2018/08/18;443;1
Winter Park, FL 32792;818;544-9992;quantaman@att.net;2006/10/03;444;1
Palmetto, FL 34221;248;248-7570;sthomas@optonline.net;2020/01/11;445;1
Jacksonville, FL 32207;688;689-4456;cgcra@yahoo.ca;2015/08/17;446;2
Clermont, FL 34711;532;988-8123;szymansk@sbcglobal.net;2012/05/31;447;3
Kissimmee, FL 34741;447;481-7902;goresky@aol.com;2015/11/01;448;4
Sanford, FL 32771;333;864-8602;staffelb@comcast.net;2020/02/24;449;2
Pensacola, FL 32506;350;978-7967;jeffcovey@me.com;2010/04/28;450;1
Pompano Beach, FL 33071;316;992-3895;world@yahoo.com;2021/04/23;451;1
Suite 3;247;429-9544;wetter@mac.com;2012/02/21;452;2
231 Marsh Lane;843;742-7308;dwheeler@me.com;2008/11/29;453;1
2 West Vine St.;770;393-3543;mastinfo@live.com;2018/03/17;454;1
62 Homewood Street;949;598-2771;sblack@verizon.net;2011/05/15;455;3
95 Delaware Dr.;699;746-9159;ganter@verizon.net;2013/07/24;456;2
8133 Sycamore Street;844;950-9259;dpitts@hotmail.com;2018/06/12;457;2
8546 Ketch Harbour Ave.;787;302-4699;sinkou@me.com;2015/02/26;458;1
8683 South Drive;952;745-8983;chronos@me.com;2007/09/02;459;2
17 Silver Spear Drive;873;828-7242;csilvers@gmail.com;2019/12/07;460;2
60 Lower River St.;943;865-9127;aardo@verizon.net;2015/01/26;461;1
9661 Aspen St.;668;821-9575;cantu@gmail.com;2014/07/29;462;2
265 Mill Pond Dr.;456;829-6689;jeffcovey@verizon.net;2005/03/30;463;3
7440 Cherry Hill Court;224;518-9412;lydia@gmail.com;2018/05/21;464;1
8958 Golf St.;822;587-3348;ubergeeb@msn.com;2011/11/01;465;3
654 S. Jones Street;699;407-0837;jshirley@outlook.com;2016/01/02;466;3
735 E. Newbridge St.;272;549-4608;niknejad@me.com;2012/08/23;467;2
607 Cherry Hill Street;887;405-0872;punkis@sbcglobal.net;2013/01/15;468;1
732 Prince Lane;762;491-8640;skaufman@comcast.net;2009/05/09;469;3
27 Grandrose Ave.;368;723-8977;kmiller@yahoo.com;2009/08/01;470;1
895 Sleepy Hollow St.;698;412-9077;hoangle@verizon.net;2013/12/17;471;2
767 North Miller St.;302;256-8455;miturria@aol.com;2010/03/03;472;1
7049 Water Road;917;817-2323;bartlett@verizon.net;2006/02/14;473;1
17 South Court;272;983-1657;afifi@icloud.com;2007/04/26;474;1
9198 West Grant Street;334;772-1013;keiji@aol.com;2009/12/23;475;3
50 Lawrence Rd.;299;772-6764;kramulous@icloud.com;2017/08/23;476;3
858 Race St.;229;988-7982;cantu@mac.com;2013/02/18;477;4
93 East Longbranch Dr.;583;883-0821;wojciech@live.com;2012/04/30;478;3
19 Victoria Street;464;724-8248;dogdude@gmail.com;2008/03/20;479;1
NW48 5MP;468;449-7481;tmaek@verizon.net;2007/10/20;480;2
London;628;943-0691;dmath@live.com;2005/06/09;481;2
41 School Lane;712;908-2589;heine@gmail.com;2016/10/12;482;3
NW31 7RM;987;571-6279;ramollin@aol.com;2007/08/26;483;1
London;929;373-3828;esbeck@msn.com;2007/07/17;484;1
54 Kingsway;734;789-3855;tarreau@optonline.net;2011/11/19;485;3
N75 6DC;733;556-5309;crypt@gmail.com;2020/06/19;486;1
London;429;856-2926;flavell@aol.com;2006/07/20;487;3
9241 Grove Road;867;348-9295;dpitts@yahoo.ca;2011/04/04;488;4
SE50 2RD;698;662-7980;rsteiner@sbcglobal.net;2006/03/14;489;1
London;632;905-5610;clkao@mac.com;2013/04/09;490;2
168 The Green;901;282-1660;slaff@yahoo.ca;2006/07/01;491;1
N47 9MT;229;509-6838;emmanuel@hotmail.com;2010/05/21;492;4
London;852;727-9985;evans@icloud.com;2012/12/13;493;2
165 Springfield Road;878;768-5731;tezbo@verizon.net;2015/10/19;494;4
E03 6OB;577;307-6609;naoya@yahoo.ca;2007/10/04;495;4
London;799;915-9575;benanov@me.com;2020/04/30;496;2
64 South Street;744;335-2955;mwandel@gmail.com;2016/12/15;497;4
W94 3IX;617;452-1538;breegster@comcast.net;2016/05/11;498;2
London;919;981-1829;scato@msn.com;2012/09/03;499;2
601 London Road;528;684-9875;mwilson@comcast.net;2006/10/17;500;4
E98 4TE;494;899-6340;cgarcia@live.com;2016/03/06;501;4
London;701;769-5447;nimaclea@optonline.net;2008/12/01;502;1
46 Victoria Street;388;723-4833;gtewari@gmail.com;2006/02/16;503;4
W96 8WX;936;408-8750;wmszeliga@att.net;2010/02/22;504;3
London;291;231-4877;kramulous@aol.com;2006/02/27;505;3
9 Station Road;574;819-4630;ninenine@comcast.net;2009/10/29;506;1
EC65 7IP;898;602-2321;jgmyers@gmail.com;2016/10/25;507;4
London;324;842-3359;crobles@msn.com;2012/02/20;508;1
71 North Street;674;307-5065;jgoerzen@msn.com;2017/10/11;509;1
W85 2FV;860;430-9246;frikazoyd@verizon.net;2008/03/03;510;3
London;349;220-3362;wonderkid@yahoo.com;2017/09/10;511;4
51 Manchester Road;552;912-4336;wonderkid@yahoo.ca;2017/01/31;512;1
NW17 8IR;841;890-5507;ajlitt@gmail.com;2017/01/07;513;1
London;810;993-2143;seurat@icloud.com;2009/02/16;514;1
468 Springfield Road;454;648-4285;bryanw@yahoo.com;2008/11/27;515;2
SW96 2IA;263;975-5248;kingma@outlook.com;2008/12/31;516;3
London;229;791-0591;adillon@yahoo.com;2020/06/05;517;4
21 Grange Road;239;230-6723;sonnen@yahoo.ca;2019/05/11;518;4
SE96 8YE;519;834-6230;gilmoure@aol.com;2018/01/23;519;1
London;927;989-2134;thomasj@hotmail.com;2011/11/16;520;4
95 Highfield Road;750;231-1278;kewley@att.net;2008/11/09;521;2
N05 7OW;993;819-1581;noneme@sbcglobal.net;2009/12/22;522;2
London;992;764-6787;yamla@gmail.com;2010/04/16;523;4
953 School Lane;426;616-7643;tkrotchko@icloud.com;2015/07/23;524;3
E64 5WK;782;483-8539;ribet@yahoo.ca;2015/02/09;525;1
London;758;784-6496;bahwi@sbcglobal.net;2005/04/16;526;4
481 Park Road;353;949-8642;pkilab@mac.com;2017/05/12;527;1
NW10 6DG;419;271-2209;msroth@verizon.net;2005/12/11;528;3
London;695;831-3671;killmenow@aol.com;2011/04/15;529;3
800 Mill Road;471;654-4289;ribet@icloud.com;2018/02/20;530;3
NW83 2EN;610;698-5603;wildfire@yahoo.ca;2005/10/18;531;1
London;848;708-6921;kingjoshi@icloud.com;2017/07/24;532;4
136 Kingsway;425;759-6711;stinson@hotmail.com;2008/11/19;533;3
N59 6EV;536;509-3496;tmaek@mac.com;2013/03/31;534;3
London;682;371-3633;boein@icloud.com;2020/06/15;535;4
26 Grove Road;395;739-7429;pdbaby@icloud.com;2017/03/31;536;1
EC01 3ZX;496;593-3991;gordonjcp@gmail.com;2006/10/27;537;1
London;422;591-9860;choset@yahoo.com;2006/04/14;538;2
34 Manor Road;614;614-8713;jyoliver@verizon.net;2007/05/19;539;4
NW45 6ST;543;365-7239;mglee@msn.com;2019/03/12;540;2
London;953;224-1239;jgmyers@yahoo.com;2006/02/09;541;3
44 School Lane;719;666-7774;jadavis@comcast.net;2012/10/12;542;4
W09 2TG;740;214-9501;presoff@mac.com;2006/07/28;543;3
London;957;947-6883;jadavis@outlook.com;2008/08/05;544;2
65 Kings Road;454;614-0576;willg@yahoo.com;2019/04/17;545;4
SE57 3KJ;501;237-3656;gbacon@gmail.com;2020/04/11;546;1
London;302;344-8410;quantaman@me.com;2019/12/18;547;1
45 Main Road;364;877-2311;cantu@att.net;2018/02/07;548;3
EC64 1KL;209;900-1460;oechslin@mac.com;2012/09/18;549;3
London;705;896-8293;tkrotchko@comcast.net;2019/12/26;550;3
710 Richmond Road;845;453-8354;keiji@mac.com;2018/04/04;551;4
W56 7HP;222;401-6952;ubergeeb@sbcglobal.net;2018/10/03;552;2
London;226;882-1823;hutton@live.com;2012/05/22;553;1
95 South Street;876;391-9261;nacho@icloud.com;2019/11/21;554;1
NW58 7WR;942;807-6926;kingjoshi@hotmail.com;2009/11/17;555;3
London;772;705-5952;pontipak@live.com;2014/09/23;556;3
208 Grove Road;840;981-1117;bogjobber@msn.com;2020/09/28;557;2
W43 9QS;693;870-1822;alhajj@mac.com;2018/05/02;558;4
London;388;451-5422;blixem@mac.com;2020/10/12;559;1
85 Broadway;780;656-1096;zilla@sbcglobal.net;2008/03/08;560;1
N71 3MK;579;952-6808;shaffei@msn.com;2012/04/13;561;2
London;387;538-2533;breegster@live.com;2011/11/10;562;1
877 North Road;727;372-5713;pplinux@yahoo.com;2013/11/28;563;1
W93 5YP;317;672-5744;nasarius@optonline.net;2018/09/19;564;2
London;329;891-2077;kuparine@live.com;2019/01/29;565;3
1 The Avenue;398;404-4531;rohitm@comcast.net;2019/11/17;566;1
W02 8UK;951;374-6032;msloan@sbcglobal.net;2018/12/03;567;4
London;361;244-5124;jschauma@sbcglobal.net;2009/02/14;568;1
62 Richmond Road;308;927-4163;ramollin@icloud.com;2012/01/16;569;3
W42 9AC;604;635-3303;seanq@gmail.com;2010/02/24;570;4
London;334;850-8140;bartak@sbcglobal.net;2020/08/21;571;4
45 The Crescent;551;463-3914;jeteve@outlook.com;2010/11/03;572;1
SE53 2CJ;732;565-1110;wsnyder@live.com;2019/06/29;573;2
London;312;348-5773;sinclair@gmail.com;2018/11/24;574;1
28 Windsor Road;637;729-8146;gboss@verizon.net;2005/11/02;575;1
EC06 3FQ;809;618-5906;helger@yahoo.ca;2005/10/31;576;4
London;875;247-7784;chrwin@me.com;2010/01/07;577;1
3 St. John’s Road;922;389-1420;frosal@me.com;2016/08/10;578;3
WC80 6TR;358;338-4360;jfinke@optonline.net;2010/01/21;579;4
London;371;781-3986;tbmaddux@comcast.net;2013/05/11;580;1
22 Church Street;994;884-8160;gumpish@aol.com;2008/02/24;581;2
NW51 4UV;410;711-4695;pplinux@icloud.com;2016/07/17;582;1
London;679;967-9642;cvrcek@att.net;2011/11/25;583;2
96 The Avenue;392;902-5044;neuffer@verizon.net;2005/08/28;584;1
SE59 7HT;812;508-9807;jsbach@msn.com;2007/10/16;585;2
London;422;416-4444;biglou@yahoo.com;2018/07/20;586;4
5 George Street;473;919-0061;andale@icloud.com;2009/05/03;587;1
N05 2BR;822;736-4675;irving@me.com;2010/11/04;588;1
London;833;823-6470;cisugrad@icloud.com;2016/01/17;589;4
44 Manor Road;413;463-3164;gator@gmail.com;2013/06/13;590;3
SW74 1UW;780;604-2895;bflong@sbcglobal.net;2012/03/14;591;4
London;262;211-0265;jginspace@outlook.com;2010/01/22;592;2
90 St. John’s Road;268;712-7660;mugwump@gmail.com;2018/12/19;593;1
E21 5SK;744;267-9349;noticias@hotmail.com;2011/02/20;594;1
London;949;257-2530;bartlett@aol.com;2007/11/29;595;1
82 West Street;834;971-5240;mlewan@mac.com;2014/06/30;596;2
W06 1LQ;707;279-5282;fukuchi@sbcglobal.net;2013/11/27;597;1
London;934;362-5596;mhoffman@me.com;2006/01/10;598;3
7 Stanley Road;336;533-6650;mxiao@icloud.com;2007/12/03;599;3
EC36 4JR;375;573-3606;linuxhack@verizon.net;2010/05/02;600;4
London;944;481-9531;speeves@me.com;2007/08/03;601;2
319 The Grove;466;210-7434;petersko@sbcglobal.net;2019/03/20;602;1
E75 8HS;832;804-2690;baveja@optonline.net;2006/10/15;603;4
London;347;847-3387;koudas@optonline.net;2014/07/27;604;2
65 High Street;301;821-4226;sravani@hotmail.com;2010/08/20;605;1
N12 0BH;462;752-6248;crowemojo@optonline.net;2015/10/05;606;3
London;400;658-1904;themer@hotmail.com;2020/03/25;607;1
71 Stanley Road;596;653-4507;jdhedden@live.com;2009/04/27;608;1
WC50 3YX;519;384-8287;chance@live.com;2017/12/31;609;1
London;896;641-7976;mcnihil@verizon.net;2017/04/08;610;4
517 Stanley Road;288;958-3534;jnolan@verizon.net;2020/08/14;611;2
SW28 3JH;871;820-2589;henkp@icloud.com;2006/02/14;612;1
London;303;681-8666;caidaperl@verizon.net;2016/03/12;613;1
69 High Street;385;830-3297;thowell@me.com;2007/08/09;614;3
N75 9BF;971;618-7510;techie@yahoo.com;2008/12/01;615;2
London;851;584-2900;mfburgo@sbcglobal.net;2019/12/20;616;3
41 Alexander Road;247;995-5965;dpitts@yahoo.ca;2015/10/04;617;4
NW29 1SG;998;535-6878;scotfl@gmail.com;2015/01/21;618;3
London;350;396-0627;mhouston@mac.com;2019/08/22;619;1
84 Church Lane;770;862-7445;mmccool@mac.com;2019/04/21;620;1
E61 2JK;786;235-4329;gamma@live.com;2007/07/09;621;1
London;300;685-3494;gastown@me.com;2013/01/27;622;1
319 Alexander Road;226;599-5111;earmstro@optonline.net;2005/05/12;623;3
NW41 9IZ;560;348-7975;luebke@gmail.com;2010/06/02;624;2
London;693;263-4900;jschauma@gmail.com;2010/04/14;625;1
363 The Green;546;784-9818;kiddailey@hotmail.com;2006/03/17;626;1
W28 9FC;212;965-6554;hakim@comcast.net;2020/02/12;627;3
London;889;443-1755;aukjan@sbcglobal.net;2012/12/24;628;4
78 Springfield Road;848;779-2483;policies@hotmail.com;2005/09/13;629;1
NW41 6MG;805;697-3346;lbaxter@outlook.com;2015/03/21;630;1
London;913;721-8266;grolschie@mac.com;2008/06/12;631;3
9 Main Road;282;349-2003;mjewell@hotmail.com;2020/10/05;632;4
SW19 4ZN;963;229-9721;rande@hotmail.com;2010/12/29;633;1
London;546;649-9186;gravyface@optonline.net;2010/07/12;634;1
76 The Grove;790;423-9896;symbolic@aol.com;2012/02/10;635;1
SE80 7ZT;402;426-6854;payned@sbcglobal.net;2009/06/07;636;1
London;258;814-1284;zeitlin@msn.com;2007/03/07;637;4
5 Victoria Street;832;468-1526;shang@outlook.com;2005/08/16;638;3
N28 3JE;587;654-1459;atmarks@mac.com;2015/10/15;639;1
London;786;599-5695;jugalator@optonline.net;2012/02/11;640;2
9535 Manchester Road;673;380-1953;amimojo@yahoo.com;2016/10/24;641;2
N85 7LD;787;598-7416;library@outlook.com;2014/06/30;642;2
London;252;212-3211;mwandel@verizon.net;2009/10/02;643;2
520 Albert Road;458;895-2442;mfburgo@hotmail.com;2020/01/29;644;1
SE34 0ME;901;850-8259;hyper@yahoo.ca;2011/01/25;645;2
London;625;448-6097;rjones@sbcglobal.net;2007/04/03;646;1
567 Albert Road;556;902-0359;naoya@aol.com;2012/06/04;647;3
WC72 9NZ;419;691-3967;hermanab@mac.com;2011/01/19;648;2
London;299;917-8437;pakaste@icloud.com;2009/11/07;649;1
23 Park Avenue;568;949-0998;wainwrig@optonline.net;2008/05/03;650;3
SW89 6BP;377;519-0306;jeteve@optonline.net;2017/05/28;651;1
London;266;259-5870;singer@yahoo.ca;2020/01/23;652;1
584 Park Avenue;399;366-1808;telbij@msn.com;2017/06/23;653;4
SW73 5IR;494;586-8976;bancboy@verizon.net;2015/11/01;654;1
London;255;815-9078;thassine@sbcglobal.net;2010/05/14;655;4
81 Manor Road;727;783-4000;skajan@gmail.com;2007/08/05;656;4
N69 4QH;848;504-4182;mjewell@verizon.net;2012/11/05;657;3
London;746;203-6657;augusto@outlook.com;2006/05/07;658;3
21 Manor Road;865;416-9258;crandall@comcast.net;2006/12/09;659;1
EC85 9TN;965;404-9334;tokuhirom@msn.com;2012/06/22;660;1
London;928;728-1293;martyloo@verizon.net;2015/06/13;661;3
9459 King Street;979;684-4030;floxy@gmail.com;2006/10/26;662;1
WC09 3CX;667;933-2880;paulv@verizon.net;2013/10/01;663;1
London;569;583-5618;linuxhack@msn.com;2021/03/14;664;1
288 Broadway;553;319-8193;tlinden@mac.com;2015/10/24;665;1
N82 6DQ;216;642-1783;juerd@gmail.com;2021/02/12;666;4
London;758;641-0007;stellaau@comcast.net;2017/03/03;667;1
13 Victoria Road;647;600-0763;miturria@yahoo.ca;2006/05/13;668;3
W62 7UD;389;210-4301;inico@yahoo.com;2019/10/26;669;1
London;559;237-4254;joelw@verizon.net;2017/04/13;670;1
42 Stanley Road;425;639-1001;jshirley@me.com;2020/08/02;671;2
WC10 7YI;912;744-3841;ranasta@mac.com;2020/12/10;672;4
London;420;734-0267;frikazoyd@live.com;2009/04/26;673;4
1 North Road;642;256-2742;osrin@aol.com;2014/07/23;674;2
SE21 8PJ;440;856-1816;pthomsen@verizon.net;2007/08/12;675;2
London;236;758-1959;eurohack@optonline.net;2016/04/17;676;1
874 Manor Road;454;251-7217;csilvers@outlook.com;2008/02/15;677;4
EC17 3MA;554;671-5835;rasca@icloud.com;2006/12/31;678;3
London;796;405-5951;donev@yahoo.com;2010/12/24;679;3
823 The Green;355;836-1997;psichel@yahoo.ca;2007/04/30;680;4
W95 4IQ;286;437-9985;ranasta@att.net;2008/05/08;681;4
London;728;630-9093;lbaxter@verizon.net;2007/02/04;682;1
45 South Street;375;276-9555;rnewman@yahoo.com;2006/07/29;683;2
SE29 0XB;303;888-3580;intlprog@optonline.net;2021/03/15;684;3
London;620;263-0937;jgoerzen@sbcglobal.net;2010/01/16;685;1
75 The Drive;285;569-3815;shrapnull@mac.com;2015/06/22;686;4
NW49 8JX;933;493-1296;teverett@yahoo.com;2016/02/04;687;1
London;984;925-1479;jdhedden@verizon.net;2011/05/30;688;2
893 Church Lane;745;969-2385;miami@hotmail.com;2014/07/04;689;2
SE91 4YS;385;423-8512;reeds@sbcglobal.net;2018/10/20;690;1
London;541;380-9655;jmmuller@hotmail.com;2011/04/24;691;4
5 Kingsway;499;251-4292;mailarc@verizon.net;2006/07/22;692;1
EC74 0XB;889;376-3128;sfoskett@sbcglobal.net;2012/01/30;693;3
London;899;319-0739;eurohack@yahoo.ca;2005/05/01;694;3
44 Grove Road;799;736-0563;ahmad@yahoo.com;2008/08/31;695;1
W52 6WK;897;495-1662;lstein@hotmail.com;2009/03/28;696;2
London;744;403-9916;bmidd@aol.com;2013/04/09;697;2
79 The Avenue;936;598-2906;stecoop@msn.com;2017/09/23;698;1
WC28 1FM;469;532-4548;ateniese@icloud.com;2005/10/29;699;4
London;947;361-6058;carcus@mac.com;2018/04/25;700;1
85 Victoria Street;949;882-5871;klaudon@gmail.com;2009/02/17;701;2
SW74 5VB;305;415-3051;lishoy@gmail.com;2011/07/12;702;4
London;828;518-2220;rfisher@hotmail.com;2020/09/30;703;1
220 Manchester Road;723;679-1851;mxiao@yahoo.com;2015/05/03;704;1
SW25 9DQ;274;482-2742;reziac@att.net;2015/03/13;705;4
London;596;753-6330;mailarc@att.net;2006/08/21;706;1
9518 Mill Road;493;751-7562;brainless@msn.com;2014/03/10;707;1
NW19 5DQ;804;565-3963;akoblin@comcast.net;2014/05/27;708;4
London;857;359-0241;geoffr@optonline.net;2012/08/09;709;2
9 Grange Road;680;877-0373;shawnce@gmail.com;2009/07/03;710;1
WC26 5BI;644;440-6033;trygstad@mac.com;2019/01/05;711;1
London;788;977-2844;plover@me.com;2021/01/03;712;1
575 Park Avenue;244;263-7499;choset@optonline.net;2009/12/04;713;1
SW21 9ZX;837;287-6032;caidaperl@aol.com;2020/03/22;714;1
London;212;363-5006;murdocj@gmail.com;2018/06/28;715;4
9505 The Grove;315;840-0702;grossman@verizon.net;2011/05/11;716;4
SE31 9GQ;467;358-4503;bartlett@mac.com;2014/01/15;717;1
London;360;620-0866;claesjac@aol.com;2018/09/28;718;1
437 Queensway;229;275-5223;jadavis@icloud.com;2012/09/26;719;1
NW87 0HE;344;778-8434;vmalik@msn.com;2013/09/30;720;1
London;258;518-2594;slaff@me.com;2006/03/09;721;3
4 Mill Road;859;270-2403;kjohnson@gmail.com;2019/04/14;722;1
SW50 4KB;611;486-5321;weazelman@icloud.com;2013/05/04;723;4
London;768;652-3949;ivoibs@icloud.com;2014/12/14;724;4
11 The Avenue;998;487-9102;atmarks@aol.com;2015/04/23;725;1
NW16 9IB;253;321-2154;hermanab@live.com;2012/02/20;726;1
London;532;409-6324;matty@yahoo.ca;2019/04/30;727;1
76 Queensway;661;728-1691;enintend@verizon.net;2016/05/24;728;1
WC10 3BR;570;540-0876;dsugal@me.com;2011/02/23;729;1
London;433;516-7191;openldap@outlook.com;2020/03/26;730;1
24 Kings Road;535;857-6686;lishoy@comcast.net;2008/11/09;731;3
WC58 1WY;849;782-9869;temmink@optonline.net;2016/10/04;732;4
London;561;625-6255;wildixon@optonline.net;2016/05/10;733;4
94 New Road;654;705-7739;peoplesr@outlook.com;2005/11/12;734;1
NW54 0QY;712;820-6745;psichel@aol.com;2013/11/28;735;1
London;259;838-4855;wilsonpm@aol.com;2005/07/26;736;2
73 Chester Road;824;717-6847;mlewan@live.com;2012/10/22;737;2
SE36 8WH;366;665-1941;okroeger@yahoo.com;2012/06/14;738;3
London;305;495-3592;jgmyers@att.net;2014/03/17;739;2
386 Richmond Road;602;659-7572;torgox@verizon.net;2012/02/08;740;3
EC70 8TD;689;239-4563;eurohack@verizon.net;2008/10/26;741;1
London;207;205-4139;grinder@mac.com;2014/07/17;742;1
16 George Street;516;973-1052;mallanmba@comcast.net;2015/01/21;743;1
NW01 6ER;556;265-3355;martyloo@sbcglobal.net;2016/03/15;744;1
London;630;838-5414;smcnabb@yahoo.com;2014/10/15;745;4
93 St. John’s Road;762;570-3297;msherr@yahoo.ca;2014/04/30;746;4
N10 2EQ;283;766-9356;grothoff@icloud.com;2017/10/18;747;1
London;750;486-9536;budinger@icloud.com;2018/11/17;748;4
5 Church Road;619;353-7970;arathi@comcast.net;2016/10/30;749;3
SE07 3LY;961;219-0829;dpitts@sbcglobal.net;2020/01/07;750;4
London;209;879-1264;osaru@me.com;2021/03/25;751;1
213 The Drive;332;532-0822;jramio@gmail.com;2011/07/05;752;1
NW58 3QB;487;640-6779;kudra@comcast.net;2012/05/28;753;3
London;536;366-2187;yruan@icloud.com;2009/03/06;754;1
28 Victoria Street;363;544-2841;petersen@msn.com;2005/03/22;755;2
SW80 9JL;461;271-1631;jbearp@sbcglobal.net;2011/11/22;756;1
London;857;335-5320;kjohnson@mac.com;2012/03/26;757;3
27 Church Road;634;371-1153;jaesenj@comcast.net;2007/08/05;758;4
WC52 1ML;439;244-2458;offthelip@yahoo.ca;2018/02/11;759;1
London;320;535-5081;jeffcovey@me.com;2017/10/28;760;1
40 Woodland Dr.;993;964-1956;pgolle@aol.com;2010/01/03;761;2
9453 South Pineknoll Drive;748;245-9826;mdielmann@verizon.net;2007/03/02;762;3
847 S. Manor St.;381;532-2238;gerlo@optonline.net;2016/04/04;763;1
7071 Third St.;907;754-8902;sarahs@verizon.net;2013/06/30;764;1
8215 Atlantic St.;531;907-4416;galbra@comcast.net;2013/09/21;765;2
735 N. Yukon Street;572;498-8666;kaiser@comcast.net;2010/11/19;766;1
3 Holly Ave.;716;425-2898;kildjean@hotmail.com;2014/08/31;767;1
770 Carson St.;762;419-8629;cliffordj@yahoo.ca;2018/05/03;768;1
47 Honey Creek Lane;280;675-9489;breegster@outlook.com;2019/04/14;769;1
89 West Lakeview Dr.;634;550-6646;calin@comcast.net;2019/02/12;770;4
541 S. State Dr.;527;606-6801;sfoskett@att.net;2009/10/17;771;2
8759 Tanglewood Dr.;465;963-8317;singer@att.net;2005/04/26;772;1
9283 High Ridge Drive;659;984-6638;vsprintf@att.net;2020/05/19;773;1
582 Honey Creek Road;962;381-3510;mhassel@msn.com;2010/01/08;774;3
847 West Jockey Hollow Court;576;978-9774;weidai@sbcglobal.net;2012/04/02;775;2
720 Paris Hill St.;721;881-8367;quantaman@msn.com;2021/05/03;776;1
61 Bridle St.;812;855-9668;timtroyr@gmail.com;2019/08/25;777;3
9555 Purple Finch Dr.;819;268-2557;papathan@att.net;2013/07/29;778;1
8473 South Lilac Court;398;878-0122;jyoliver@att.net;2013/09/17;779;2
855 Colonial St.;301;631-9640;steve@sbcglobal.net;2021/04/22;780;1
48 Sunbeam St.;891;535-5328;falcao@live.com;2021/03/13;781;4
440 Cactus St.;576;200-5761;wildfire@mac.com;2015/01/06;782;2
36 NW. Pierce St.;654;407-4012;pfitza@comcast.net;2011/08/14;783;2
832 Lake Forest Rd.;599;743-9003;staffelb@mac.com;2010/03/30;784;1
810 10th St.;240;906-5404;chaffar@live.com;2019/11/12;785;2
268 E. Penn Circle;455;626-4301;bmidd@gmail.com;2011/02/26;786;1
606 Galvin Street;493;311-8669;north@live.com;2020/12/19;787;1
940 Riverside Court;758;602-4935;scottzed@gmail.com;2011/02/11;788;4
9485 S. Pheasant Dr.;390;779-8899;jramio@icloud.com;2006/09/18;789;2
54 Indian Summer Street;487;438-4975;wagnerch@yahoo.com;2011/09/14;790;4
719 Center Ave.;659;904-0068;nighthawk@aol.com;2019/06/15;791;4
91 SE. Pierce Ave.;721;772-9718;pthomsen@yahoo.com;2006/06/18;792;4
73 Alderwood St.;471;210-6992;nelson@yahoo.com;2009/07/29;793;1
9163 South Oxford Ave.;435;955-2960;augusto@gmail.com;2012/03/21;794;1
8478 West St.;323;803-5626;jrifkin@outlook.com;2008/01/23;795;1
8142 Lees Creek Rd.;507;934-7625;pgolle@outlook.com;2019/04/27;796;1
70 Green Hill Drive;532;766-7644;sekiya@live.com;2015/06/04;797;3
9983 Woodside Street;772;757-3738;airship@verizon.net;2006/07/29;798;1
23 Tarkiln Hill Avenue;887;277-6652;credmond@hotmail.com;2009/10/04;799;2
7241 Cemetery Ave.;725;408-3080;parrt@outlook.com;2006/06/19;800;2
85 Lookout Ave.;845;673-0453;mwandel@att.net;2010/05/14;801;3
37 Fairview Ave.;962;741-6475;lamprecht@live.com;2011/02/17;802;2
91 Annadale Road;396;942-3896;fudrucker@live.com;2015/01/31;803;1
81 Bohemia Lane;672;429-8285;ntegrity@aol.com;2015/11/30;804;1
749 N. Beechwood Ave.;524;528-5199;shaffei@outlook.com;2014/01/25;805;1
759 E. Foxrun Ave.;422;560-9699;tellis@yahoo.com;2015/11/15;806;1
242 East 8th Lane;879;980-7282;mcraigw@yahoo.ca;2011/09/20;807;1
8133 SE. Augusta Ave.;372;654-9387;clkao@outlook.com;2012/02/24;808;4
8497 3rd St.;933;613-2582;kwilliams@icloud.com;2010/11/04;809;4
9045 Poor House Lane;365;278-8056;munson@icloud.com;2012/09/19;810;4
71 Cambridge Lane;588;897-0633;nwiger@aol.com;2013/04/06;811;4
8117 Birch Hill Rd.;303;754-3969;epeeist@gmail.com;2020/08/09;812;1
9140 Carpenter St.;311;963-9615;krueger@comcast.net;2019/05/02;813;4
538 Cross Street;777;720-1143;dsugal@live.com;2008/12/14;814;4
919 Princeton St.;741;758-2688;tellis@me.com;2015/07/22;815;2
17 Ashley Street;802;484-9409;inico@aol.com;2019/05/04;816;1
682 Glenwood Street;641;921-8831;bebing@optonline.net;2005/07/14;817;3
94 Beach St.;954;421-2884;jdray@aol.com;2016/08/04;818;2
26 East Main Dr.;954;956-0103;irving@sbcglobal.net;2014/04/17;819;4
373 Bear Hill St.;295;983-4853;andersbr@hotmail.com;2007/01/24;820;3
497 Maiden Street;253;483-2574;parrt@yahoo.ca;2020/08/27;821;1
741 Ann Ave.;244;616-3629;cliffski@live.com;2009/10/30;822;1
23 Kent St.;586;717-5632;mlewan@att.net;2010/08/27;823;1
4 Fairground Avenue;890;780-5763;dwsauder@yahoo.com;2016/01/06;824;1
20 Deerfield Lane;958;671-5221;djupedal@yahoo.com;2005/12/01;825;3
9618 Lower River St.;203;272-8879;dpitts@mac.com;2005/03/10;826;2
50 New Rd.;412;374-4809;kevinm@live.com;2020/09/01;827;3
534 Clinton Street;700;831-5400;okroeger@gmail.com;2006/04/13;828;1
56 Marsh Drive;536;847-4736;smpeters@optonline.net;2006/10/29;829;4
901 Belmont Street;853;399-2912;balchen@aol.com;2010/01/10;830;3
34 West Pleasant St.;719;895-4064;marin@att.net;2019/04/11;831;4
61 Fulton Street;579;455-3524;bdthomas@yahoo.ca;2018/04/27;832;2
38 Nut Swamp St.;952;284-4700;sartak@outlook.com;2016/12/02;833;3
505 Evergreen Dr.;819;878-4303;jmmuller@yahoo.com;2012/05/26;834;3
353 Sherman St.;467;290-0508;bowmanbs@me.com;2019/10/04;835;2
764 New St.;590;409-5907;parsimony@live.com;2012/07/08;836;1
2 Delaware Lane;266;570-8715;weazelman@optonline.net;2018/04/15;837;3
940 S. Thomas Ave.;471;733-8756;dexter@aol.com;2017/07/11;838;1
8459 Wagon Road;616;501-9475;avalon@att.net;2015/03/18;839;1
815 Victoria Ave.;814;815-8592;mgemmons@optonline.net;2018/10/15;840;3
7019 Maple St.;628;340-8842;djpig@aol.com;2018/02/01;841;4
7328 Marsh St.;994;397-7201;bartak@comcast.net;2021/05/07;842;4
7379 Nut Swamp Dr.;644;968-4427;jmcnamara@yahoo.com;2005/12/02;843;3
67 Bald Hill St.;549;850-2390;aibrahim@comcast.net;2017/04/28;844;3
4 Proctor Ave.;506;841-6393;duncand@yahoo.com;2014/04/03;845;3
9 Lake St.;340;492-0275;bdbrown@att.net;2017/02/11;846;4
501 Foster Ave.;383;357-1843;dburrows@comcast.net;2014/10/18;847;1
7652 Lakeshore Court;405;559-9778;monkeydo@att.net;2018/08/29;848;1
490 Beacon St.;268;398-7609;amichalo@verizon.net;2017/01/27;849;3
9050 West Catherine Dr.;310;577-6728;gravyface@aol.com;2012/05/21;850;2
8438 Joy Ridge Drive;811;765-3302;webdragon@msn.com;2019/08/03;851;2
9656 Beaver Ridge St.;403;928-7118;matthijs@me.com;2021/05/06;852;1
106 Market Ave.;607;905-6893;kidehen@msn.com;2009/01/20;853;1
8615 W. Pine Lane;384;958-4888;rjones@yahoo.com;2021/05/10;854;2
9323 E. Old York St.;324;284-9902;zavadsky@yahoo.ca;2016/11/01;855;4
8819 Oak Ave.;836;752-4390;jaesenj@icloud.com;2012/05/20;856;1
9910 Essex St.;574;870-1271;smcnabb@mac.com;2011/07/31;857;1
142 Windfall St.;422;535-5367;sagal@outlook.com;2020/10/01;858;4
9809 Gates Street;415;828-3663;dwendlan@gmail.com;2005/07/21;859;3
510 West Homewood Ave.;415;947-3697;nweaver@att.net;2006/05/11;860;3
9 Nut Swamp Road;655;247-5450;odlyzko@icloud.com;2007/07/28;861;3
52 Glenridge Street;726;230-1885;jipsen@mac.com;2020/03/19;862;1
8788 Birchpond Circle;301;446-4931;bogjobber@outlook.com;2020/08/12;863;4
559 Young St.;205;948-8280;benanov@att.net;2019/09/16;864;3
114 Carriage Lane;216;341-9188;rnewman@verizon.net;2018/12/02;865;1
328 E. Windfall Ave.;922;668-4401;oracle@hotmail.com;2014/06/18;866;2
9123 Shub Farm Road;929;916-9742;ianbuck@yahoo.com;2013/12/12;867;3
120 Whitemarsh St.;294;465-2217;hampton@hotmail.com;2018/02/03;868;3
9690 Princess Ave.;358;731-3798;boomzilla@sbcglobal.net;2021/01/07;869;3
8948 St Louis Ave.;352;604-1886;bulletin@att.net;2021/02/01;870;1
748 East Brown St.;316;723-5488;animats@msn.com;2021/01/19;871;4
679 Oak Meadow Ave.;900;365-3438;dieman@mac.com;2006/07/11;872;4
490 W. Vernon Street;232;995-8639;augusto@yahoo.com;2014/02/02;873;1
279 Magnolia Avenue;713;359-4317;dunstan@outlook.com;2019/05/02;874;4
9589 Thorne Ave.;206;847-8774;mhoffman@sbcglobal.net;2015/09/17;875;1
899 Shipley Ave.;411;376-4315;weazelman@gmail.com;2016/07/26;876;4
46 Victoria Court;938;721-2256;mirod@icloud.com;2009/11/20;877;1
8664 Oak Valley Drive;419;442-9188;yangyan@msn.com;2017/07/23;878;1
922 West Leeton Ridge St.;763;952-1502;benits@optonline.net;2013/07/12;879;1
7880 Leeton Ridge Avenue;723;961-1436;oevans@aol.com;2010/10/27;880;1
92 Marvon St.;233;477-9648;sfoskett@yahoo.com;2010/07/01;881;1
905 Wrangler Lane;347;835-6563;catalog@hotmail.com;2012/07/30;882;3
9096 Clark Lane;732;949-7420;preneel@verizon.net;2016/11/28;883;4
9783 Poplar Street;334;788-2547;drezet@msn.com;2016/09/19;884;1
744 Coffee Ave.;355;952-4381;symbolic@mac.com;2009/02/28;885;2
10 Rockwell Road;875;650-4506;melnik@mac.com;2021/01/06;886;4
395 W. Coffee St.;650;311-4823;vertigo@optonline.net;2016/06/26;887;4
499 Second Dr.;944;439-2624;odlyzko@outlook.com;2008/09/27;888;1
56 Nut Swamp Circle;283;827-0141;nachbaur@yahoo.com;2014/05/22;889;1
943 Holly Ave.;975;594-0844;cumarana@att.net;2020/01/20;890;1
9752 Blackburn Dr.;990;738-6040;donev@outlook.com;2016/02/16;891;1
8821 Rockville Lane;770;545-8863;hutton@me.com;2006/08/26;892;4
6 Newport Court;334;305-7194;corrada@mac.com;2014/03/20;893;4
309 South Hill Field St.;602;467-4837;chinthaka@aol.com;2012/02/21;894;1
7363 St Louis Street;939;500-3265;cgreuter@yahoo.com;2007/04/10;895;3
8877 Selby Rd.;987;536-2384;ateniese@hotmail.com;2008/11/18;896;3
35 Airport Street;730;738-3338;mcmillan@optonline.net;2006/06/16;897;1
858 Primrose Lane;330;201-7051;gilmoure@yahoo.ca;2010/12/19;898;2
824 Woodside Avenue;932;338-3282;mbrown@live.com;2010/12/06;899;2
917 NW. Leatherwood Court;878;237-0878;qmacro@verizon.net;2011/01/20;900;3
21 Creek Drive;403;429-9891;staikos@gmail.com;2019/12/19;901;4
39 Goldfield Rd.;705;444-0556;knorr@comcast.net;2019/10/14;902;1
972 Stillwater St.;879;591-2306;gavinls@verizon.net;2015/08/08;903;4
86 Logan Dr.;467;399-9709;scarolan@aol.com;2008/04/02;904;2
88 Maple Circle;744;598-1150;hutton@comcast.net;2005/12/06;905;4
31 Studebaker St.;857;769-7335;pizza@gmail.com;2015/06/09;906;1
34 E. Lafayette Court;894;916-8764;mobileip@yahoo.ca;2016/03/24;907;1
2 Ridgeview Dr.;546;437-8882;horrocks@yahoo.com;2005/06/15;908;3
75 Jefferson Lane;928;743-6374;sarahs@aol.com;2021/02/20;909;2
5 Circle Dr.;751;725-0334;fluffy@aol.com;2008/05/26;910;3
612 Silver Spear Dr.;453;596-2200;jeffcovey@optonline.net;2007/05/05;911;1
8627 Bayberry Street;623;788-7862;naoya@outlook.com;2020/04/13;912;3
4 Bank Dr.;920;438-1880;staikos@optonline.net;2019/11/08;913;1
8579 Greenview St.;752;297-5212;mrobshaw@me.com;2017/07/09;914;1
8483 Sugar Ave.;693;681-7202;ajlitt@outlook.com;2021/04/13;915;2
8995 Rockledge Street;455;437-3253;dawnsong@icloud.com;2010/12/15;916;4
9834 Pennington Ave.;212;757-8062;mirod@aol.com;2015/02/24;917;2
14 Charles Ave.;904;210-8504;uraeus@aol.com;2006/03/09;918;1
178 Oakland Lane;203;626-2113;treeves@comcast.net;2010/09/17;919;1
7690 Glenridge Street;671;220-0042;gknauss@outlook.com;2018/02/07;920;1
9105 E. Bayberry Avenue;547;966-8598;duncand@mac.com;2005/04/14;921;4
8489 Colonial St.;623;913-9558;marioph@mac.com;2006/02/05;922;1
7266 Shady Drive;715;291-1286;unreal@aol.com;2019/06/15;923;3
493 Summer Avenue;354;237-3268;mdielmann@yahoo.ca;2019/11/17;924;4
254 Kingston Street;269;935-1685;kuparine@msn.com;2015/07/23;925;4
37 Garfield Dr.;646;203-3225;pfitza@live.com;2007/08/17;926;2
92 Peg Shop Rd.;806;938-4587;comdig@yahoo.ca;2005/04/01;927;4
457 Orange Street;633;955-6590;sfoskett@verizon.net;2008/01/01;928;1
62 Swanson Dr.;987;947-7889;techie@gmail.com;2006/02/03;929;1
269 Hartford St.;946;604-6365;kjetilk@live.com;2011/12/31;930;2
15 East Richardson Drive;696;763-2316;kourai@me.com;2014/11/11;931;1
859 Foxrun Ave.;461;831-9487;kempsonc@aol.com;2015/02/24;932;2
6 Monroe Ave.;695;531-1875;joglo@optonline.net;2006/09/08;933;2
7465 Rosewood Road;936;854-3061;pakaste@msn.com;2010/04/12;934;4
85 Brewery Lane;691;840-0840;facet@gmail.com;2010/10/31;935;1
8987 Tunnel Court;810;733-6823;lstaf@me.com;2015/11/02;936;2
618 North Park Drive;392;721-3723;vganesh@hotmail.com;2012/03/31;937;3
749 Honey Creek St.;244;975-9008;seebs@gmail.com;2018/08/30;938;1
401 Arcadia St.;574;310-1480;baveja@msn.com;2010/08/12;939;1
61 Aspen Street;562;687-6697;jdhedden@me.com;2007/07/02;940;3
8842 Albany Dr.;362;958-3945;nimaclea@mac.com;2006/08/09;941;3
7761 Glenridge St.;425;692-2477;wikinerd@msn.com;2012/01/01;942;4
7542 Logan Ave.;844;204-7819;suresh@sbcglobal.net;2008/04/10;943;1
906 North Marshall Drive;707;398-6865;mhassel@outlook.com;2014/10/30;944;2
566 Old Windsor Street;469;519-2773;mcsporran@hotmail.com;2014/10/14;945;4
363 Carson Lane;592;732-7144;lcheng@outlook.com;2014/09/21;946;3
8046 Clay Street;602;356-3808;weidai@att.net;2012/06/03;947;1
36 South Lake Forest Lane;640;568-0785;jpflip@hotmail.com;2011/04/24;948;3
437 Jockey Hollow Dr.;400;512-4755;samavati@me.com;2014/04/20;949;1
135 Airport Ave.;415;935-8378;smpeters@gmail.com;2018/01/30;950;4
8857 Gonzales Street;664;297-3908;cosimo@live.com;2012/06/28;951;2
9538 South Wall St.;843;208-4225;bdbrown@yahoo.ca;2008/06/03;952;2
8478 Vernon Lane;336;204-3889;psharpe@me.com;2009/09/05;953;4
7133 E. West St.;911;488-1913;moxfulder@sbcglobal.net;2019/01/17;954;3
26 Sycamore Street;535;815-9607;tattooman@comcast.net;2009/06/02;955;3
746 Marsh Ave.;295;730-6919;scottzed@live.com;2007/12/30;956;1
53 Cedarwood St.;743;483-8112;hampton@me.com;2006/11/28;957;2
86 N. Poor House Ave.;831;249-5449;clkao@yahoo.com;2016/10/26;958;1
7017 Walt Whitman Street;960;905-6170;amaranth@mac.com;2019/12/15;959;1
7952 Durham St.;214;703-7189;pemungkah@verizon.net;2006/06/25;960;1
7788 S. Princeton Court;944;933-0069;joehall@gmail.com;2006/12/21;961;2
7707 Beech Ave.;429;932-6260;dexter@yahoo.ca;2017/10/11;962;2
9307 Riverside Dr.;922;644-8881;mbswan@optonline.net;2008/10/13;963;3
954 S. Nichols Rd.;405;986-6020;ntegrity@hotmail.com;2020/09/27;964;2
584 Pumpkin Hill Dr.;890;409-6135;kawasaki@att.net;2008/12/11;965;1
9799 E. Pumpkin Hill Lane;252;913-1668;library@yahoo.com;2018/04/07;966;3
60 Thatcher Court;622;688-5821;kramulous@yahoo.ca;2013/06/03;967;1
8606 Edgewood Lane;255;804-7439;neonatus@comcast.net;2006/02/12;968;2
8408 Broad Ave.;815;908-2066;jpflip@aol.com;2013/07/28;969;4
417 Nut Swamp Lane;601;823-1097;jnolan@att.net;2005/05/29;970;4
638 Jennings Street;297;326-4044;snunez@optonline.net;2018/08/26;971;2
307 Fairview Avenue;952;610-9397;sarahs@mac.com;2009/04/09;972;2
9182 Market St.;773;942-8792;mosses@yahoo.ca;2018/07/13;973;3
55 Lake Forest Drive;516;557-3412;parkes@att.net;2016/02/25;974;2
1 Plymouth St.;921;425-7436;rgiersig@outlook.com;2017/01/27;975;3
8279 Main Street;689;655-6058;kevinm@me.com;2015/10/14;976;1
918 Fordham St.;671;524-5360;notaprguy@outlook.com;2012/02/29;977;1
508 Cypress St.;910;903-9965;johnh@gmail.com;2018/01/14;978;1
24 Railroad Court;904;731-9687;erynf@mac.com;2018/11/06;979;3
634 Rockaway St.;455;701-2540;jginspace@optonline.net;2007/10/30;980;1
957 South Arcadia Street;864;567-3221;terjesa@att.net;2018/12/06;981;2
750 Vernon Ave.;241;803-9393;hermes@optonline.net;2013/01/10;982;1
35 Miller St.;237;839-2784;hutton@me.com;2010/12/24;983;2
7545 Yukon Street;362;504-0521;jguyer@icloud.com;2018/11/26;984;1
75 Victoria St.;205;311-7938;iamcal@me.com;2015/04/27;985;1
7654 Creek St.;459;473-8039;wkrebs@icloud.com;2018/06/05;986;2
829 Devonshire Street;956;901-0189;msherr@mac.com;2021/01/02;987;3
48 North Arch St.;289;371-6935;evans@hotmail.com;2006/02/03;988;1
818 North Ridge St.;534;741-5424;dgriffith@sbcglobal.net;2010/10/17;989;1
7 Hill Field St.;562;803-1918;sakusha@me.com;2005/04/21;990;1
13 4th Rd.;703;578-2309;starstuff@live.com;2011/10/04;991;1
308 Elmwood Ave.;394;282-3814;zeller@yahoo.com;2016/06/14;992;2
37 Sunbeam Lane;733;346-2538;parasite@comcast.net;2006/11/28;993;1
679 Philmont St.;350;800-2197;sherzodr@aol.com;2013/08/30;994;2
324 Augusta St.;853;698-8173;ajohnson@comcast.net;2010/04/04;995;2
7606 Alderwood Rd.;946;694-2288;hmbrand@optonline.net;2008/02/15;996;1
8672 S. Mechanic Dr.;718;641-6619;clkao@optonline.net;2016/02/01;997;3
20 Marvon Rd.;352;826-4955;kingma@mac.com;2016/05/12;998;2
116 Division Lane;473;640-7258;mahbub@mac.com;2018/08/10;999;1
